photo_id,label
5a5_ffZrD1o.jpg,0
4ACB0cl1uoY.jpg,0
09w_uPwAOFY.jpg,0
0l4R1F3bFxA.jpg,0
ea1lxNLhywA.jpg,0
8-bZnMIAz-c.jpg,0
c7MF9zd0M3s.jpg,0
9x54LzhThH8.jpg,0
5q4g9LZclFY.jpg,0
bWUjKNlrDWM.jpg,0
_lofCeUHMOo.jpg,0
2Mo5cuWRLIU.jpg,0
0cg2Mt1gZoo.jpg,0
7Tr62uzk45E.jpg,0
ayb2c2lphjE.jpg,0
8cxPQe38JWA.jpg,0
ewsXphO8ovw.jpg,0
9Xllq94_lqQ.jpg,0
5zsuqCUXtq0.jpg,0
-1a83VD65ss.jpg,0
9KpQrPEy8P8.jpg,0
_loXJCMS20w.jpg,0
0koIWaAZbaA.jpg,0
eNulyu7PzZU.jpg,0
9oOngqsMlQc.jpg,0
2TKWPVCQ-oY.jpg,0
3VRobEBbJYA.jpg,0
_nW-rEtrrTY.jpg,0
0mtnfThbrMA.jpg,0
3bOElZGFIBc.jpg,0
5jVXWpYsB_M.jpg,0
_XbNCkQrRd0.jpg,0
bpJ8qeyo1-w.jpg,0
3tvnHnUXjDU.jpg,0
0QKDO0pQSmY.jpg,0
aqKHuVDGEMY.jpg,0
7kY7pjxfECA.jpg,0
2_vDHAj1M2c.jpg,0
2t3k4OPxu48.jpg,0
7KKMF9v0tlc.jpg,0
0wyzsMi8sb8.jpg,0
aZSzM6wtA9k.jpg,0
2E946jsOFvE.jpg,0
7zUhVl2w1WA.jpg,0
1KMDoIkDuqY.jpg,0
elayN_YscVg.jpg,0
cs3tf8kDKEc.jpg,0
06XIE0qI_Kw.jpg,0
dnLTCzkeDxs.jpg,0
8-sgismcDAQ.jpg,0
amW_y6aUivc.jpg,0
2gtGfuIbhGk.jpg,0
c8_nS7lF3eo.jpg,0
wmXadAZ1Dk4.jpg,0
_P92Jrf0h-E.jpg,0
doy3iapIkd0.jpg,0
7zA8AT0Rp24.jpg,0
4vJI1vq0UCk.jpg,0
464wfabbCGQ.jpg,0
8m2VbT6QBF0.jpg,0
0mhcdAI9qhw.jpg,0
23tp6td7hg4.jpg,0
dkq4nfmBtUk.jpg,0
bS6hYldBDTY.jpg,0
0y2O5rLgi1w.jpg,0
1gJDNHzwegI.jpg,0
0byawXfQl5c.jpg,0
b0uEcEMLTrw.jpg,0
2-5rLPUFD0A.jpg,0
9Yzy1ZVS7xc.jpg,0
cETX8uGxpDw.jpg,0
5M_X4QucpIU.jpg,0
8PmMiS0lgjY.jpg,0
dfBgZCUp1o4.jpg,0
bRSPaJ5zUKo.jpg,0
46MvI0ZHZl4.jpg,0
9gg22ydLn9M.jpg,0
cHuKZSqvKgo.jpg,0
1VdB76gW1as.jpg,0
16TAZQOPKyo.jpg,0
0qGJ_tGlrrw.jpg,0
eTU7o_K4LBI.jpg,0
6oS-qWbeBBA.jpg,0
a1uhrE1rTjs.jpg,0
aw47u5DHXEg.jpg,0
de_BkXSVlHk.jpg,0
7tJa4QUp5dI.jpg,0
biHCJxTeo9k.jpg,0
1zFK6HwV0bA.jpg,0
epbFlGlHb2k.jpg,0
5fDa0X-8z3w.jpg,0
9U_uCvfpptk.jpg,0
79A146cpmZw.jpg,0
dY7ONzZzoU8.jpg,0
7YVvzNAFFdE.jpg,0
03J1cP48JyA.jpg,0
1fxcQYy5OXc.jpg,0
94QWyhsnhIM.jpg,0
_DJZtCTiclo.jpg,0
3Xj6BntfsIU.jpg,0
cSwO_dTgzq4.jpg,0
bUTw0JyBmAI.jpg,0
_ppnPXy_TVw.jpg,0
9i6X7uQBjCA.jpg,0
fk4tiMlDFF0.jpg,0
9Ci0VKjx3Hk.jpg,0
cCnWdyYwNn8.jpg,0
eLCoyc0b4kw.jpg,0
_e0k1-m-zB8.jpg,0
5O38tlxKxBQ.jpg,0
dbORTH6dYfU.jpg,0
65CJJ6pvb6c.jpg,0
5gdMVqDFZ6I.jpg,0
auoYdAlSyvU.jpg,0
3xltAFnJlhQ.jpg,0
fzDtQWW8dV4.jpg,0
2YKiR1UaRMk.jpg,0
1mP62BB2xcI.jpg,0
dnrRs8SXUc0.jpg,0
9i-ofj0let0.jpg,0
3ENfnnjbdJs.jpg,0
1ufh4CgvFls.jpg,0
3m65uEfyXAA.jpg,0
0gmYLADpIzA.jpg,0
_BmipGCebi4.jpg,0
7y-zM8nppxk.jpg,0
dduRtiR5q8Q.jpg,0
8V-5Y_Mdbn4.jpg,0
7myf2SlxmCg.jpg,0
_uighclH2pw.jpg,0
5_U4560iZqU.jpg,0
vJwzv51OUqw.jpg,0
0yYGjlBGiaA.jpg,0
eh_Q3gHA8gM.jpg,0
6ZhpkC8r32c.jpg,0
em-HWqTWhEY.jpg,0
aYfnNdUTxns.jpg,0
_7bJUC2WAXU.jpg,0
5yYuBoXpBUI.jpg,0
cYAWWdOZkfE.jpg,0
fSoJ_Kj59zs.jpg,0
21r3djZK3Lc.jpg,0
5AyUHeSnxz8.jpg,0
4ChMO0G11Yw.jpg,0
dJCmQY4CyVs.jpg,0
16CbnBFveF0.jpg,0
82zt95UmYuA.jpg,0
4Y_bVu4j0cA.jpg,0
1wX5lrOmg0s.jpg,0
21ib47VsDoo.jpg,0
3miN-KsnXN8.jpg,0
8bySAsOHk6M.jpg,0
4EnEihL9fv4.jpg,0
b6pk1dugR7A.jpg,0
4iEvf_jvhyI.jpg,0
DoebqICAlMc.jpg,0
3kgiW7ufPEM.jpg,0
bkSriE6jz3E.jpg,0
8MD_TrUkzbU.jpg,0
3m4lH961q20.jpg,0
_PXq5uPU2Z4.jpg,0
eclvuzkPUQE.jpg,0
euu8QeVqe5s.jpg,0
eapeFF3mrCc.jpg,0
fkYugzeEDZo.jpg,0
elz_jOsXTf4.jpg,0
8OU9YceYtJY.jpg,0
0oPxs0YFdww.jpg,0
bZvdX5Ysm44.jpg,0
8Oz7s7fi9vM.jpg,0
0924-LQ6Z4Y.jpg,0
fLIyZpAukDE.jpg,0
9KaQdNT_mrc.jpg,0
cAAEBTlZdcA.jpg,0
_ZO2obWfpFQ.jpg,0
1DrgYOTM_OQ.jpg,0
bWf18mAURWA.jpg,0
7ykoAE-7Bxo.jpg,0
95lsE8yq67U.jpg,0
0AZoKtwcTEs.jpg,0
aob1glDYLKw.jpg,0
4sMVrh8-S1g.jpg,0
01pLqeRHTwc.jpg,0
5kjh--moFWU.jpg,0
6clmbgF1EVs.jpg,0
3whfHWUSlew.jpg,0
4bxVI73bvEY.jpg,0
bT1jJMbE0Us.jpg,0
9QBYCsTETcI.jpg,0
dkP6NqLwQW4.jpg,0
aJSIs1bUyqU.jpg,0
b9jVmkFNfV0.jpg,0
8D_JPA3xYhM.jpg,0
_TfJVFTsjQ0.jpg,0
8aVRacDrD0Q.jpg,0
3kWZ-gVZAG0.jpg,0
_ihGttRnT_I.jpg,0
17rklMBddzQ.jpg,0
_ttlfenZ9UY.jpg,0
8q_ryioVxFU.jpg,0
_2rf0fMIec8.jpg,0
0yeDc5fOgu4.jpg,0
9_V3wHZaS68.jpg,0
12RAYoTsxbc.jpg,0
2Nca6Aum17o.jpg,0
7J8CUrhKgsE.jpg,0
51w396ALMw4.jpg,0
auK19KSCKM8.jpg,0
_P8-td1cZIg.jpg,0
b0bBhBLjyzA.jpg,0
98o9htjuih0.jpg,0
-1qb8SIBzKY.jpg,0
aGHz9-KaO7Y.jpg,0
4M0dNfJ4TJE.jpg,0
dSM6qcdS7Hk.jpg,0
dQhOK_r9gGw.jpg,0
3udd_NEmgDs.jpg,0
e-sLdEvXRHw.jpg,0
czhIG-jAB8I.jpg,0
8zqfyrmSSwU.jpg,0
8e7wIZ5epeE.jpg,0
7vmJDZAB-qs.jpg,0
_gsIKZhbDSk.jpg,0
3K0-oHEWBds.jpg,0
22ZKUvCow_I.jpg,0
5qSCuY8qE8w.jpg,0
5VmGCBpA2y8.jpg,0
6wx3v6Mkak0.jpg,0
1wi2kDgq3tw.jpg,0
0hDR599-5I0.jpg,0
65NX3blh78g.jpg,0
6GhsDqjJfn8.jpg,0
dXdvQRJFoiQ.jpg,0
0eKR4M2uuL8.jpg,0
0QZOCgk10w4.jpg,0
5B2VpwxFCOI.jpg,0
dEepAJ_86dM.jpg,0
14QXdRbej-0.jpg,0
cIlGVoWysYc.jpg,0
4og7n7NB2F8.jpg,0
ddXxI6bKqv0.jpg,0
fS7rpnwSdaE.jpg,0
4cVpr0314-0.jpg,0
6nrE8WMLCMA.jpg,0
aPCf4QhVsN4.jpg,0
9BwLi093B5g.jpg,0
4JNVKCuPikc.jpg,0
3FVeCbX6OrY.jpg,0
6-Kyz5xP2D4.jpg,0
3pekyY0-yOw.jpg,0
77PT57uSbkQ.jpg,0
_zRIBl7HL6Y.jpg,0
1e6qyO3Zy9Y.jpg,0
6O50hqkyNqA.jpg,0
bPQdMRJ91u8.jpg,0
a8JQvaIEGQ4.jpg,0
2qXNT7LMfpY.jpg,0
_OP_WNPIet4.jpg,0
cpCZqA1OTQk.jpg,0
0B3wG1Q45zY.jpg,0
9lLeQYpG4z4.jpg,0
c3qvF4WR0Rw.jpg,0
2YZsQYtxKJQ.jpg,0
4fW6sNKS7pQ.jpg,0
2ixYuIJ83U4.jpg,0
8fMwyZPxqtg.jpg,0
_rrVXiEzaXU.jpg,0
bYrb0GLPCOE.jpg,0
eXN8_818_xU.jpg,0
8d0nO7Gqtvc.jpg,0
-1lMrIXAn6Q.jpg,0
3D1ExKTAEvA.jpg,0
3ifyMZdTDUY.jpg,0
5yFOvJZp7Rg.jpg,0
ahx3_CZS4Bc.jpg,0
bUXnKhIFWlA.jpg,0
a6Q-o0lAZzU.jpg,0
a9hmMvUydSg.jpg,0
2pSjAGAUzwA.jpg,0
16CYVNuXO6w.jpg,0
h_nQFn3CtEA.jpg,1
17x5rTAAvXM.jpg,1
awduhq_uyAQ.jpg,1
229sPpmo-ow.jpg,1
7FY-hkN1TYo.jpg,1
eBOqEYcqWzQ.jpg,1
4LS-5obpY4o.jpg,1
f8R_kFRACJ4.jpg,1
10OY7Od4YeQ.jpg,1
3DI41KK7laM.jpg,1
7JiNQI504Vk.jpg,1
dua2Zf0UKZo.jpg,1
aIeukKl3raU.jpg,1
hcfyt4OHHgY.jpg,1
17cgRr1GX_w.jpg,1
4ytXGKoqWDY.jpg,1
4aLyyfL0pIg.jpg,1
2VCnQ605XUE.jpg,1
1lO4n2Z8EEI.jpg,1
1V_ze5Oc-GU.jpg,1
SGufjfDP1oI.jpg,1
0-YbTNu0xtY.jpg,1
0arBExmGkwM.jpg,1
fJNiqeAyZ4s.jpg,1
1Y4ZB1pm_HU.jpg,1
2vHgij_n6q8.jpg,1
15IUVkHJP2I.jpg,1
swnvvNsfr94.jpg,1
5qJ5muCuN-I.jpg,1
aiPNwTMomso.jpg,1
1AAa78W_Ezc.jpg,1
3DDRT7Zp69E.jpg,1
cCKsYlUws1k.jpg,1
UgWcvfl4q5I.jpg,1
2Ioi7wkj85U.jpg,1
aPQLPP4GsWI.jpg,1
2bS-ZVGcW1g.jpg,1
1ts13gEKEww.jpg,1
0X-Jl-kGl_Y.jpg,1
_zGIDjka8Nw.jpg,1
29oO_Fj56Lg.jpg,1
eVgKrpyUHgk.jpg,1
4koSB5J4b6Y.jpg,1
8dXad1em74g.jpg,1
42BrRL_xejU.jpg,1
0fN21zv8yYo.jpg,1
5bPYpV_Icmw.jpg,1
2UpMepuEeak.jpg,1
5eYdj1ZTOlc.jpg,1
10bkwLQmdg8.jpg,1
3k9PGKWt7ik.jpg,1
bCxMuT-OhbQ.jpg,1
eZExm0Aq6YM.jpg,1
1tdbV5PuwZ8.jpg,1
2vMK01psGpQ.jpg,1
br4dnLzZlXg.jpg,1
bYdEeB3rzrk.jpg,1
22OJF_Nu734.jpg,1
1K5FKIyKVxQ.jpg,1
d5PYB17O9jE.jpg,1
7RyfX2BHoXU.jpg,1
9Xfn1rEpL0c.jpg,1
46vEe-mN0hI.jpg,1
5qxJqftOYUM.jpg,1
aq5MJ3kfWpY.jpg,1
5EDTkkHRCgg.jpg,1
0eriTFRzDdg.jpg,1
1qVS-o_OfrA.jpg,1
cglOutdLi2I.jpg,1
2mTvI_sbFTA.jpg,1
1DljuMaWA9g.jpg,1
4xud_CA6K-s.jpg,1
3-8GSy13P4Q.jpg,1
01Qqkfz-ck8.jpg,1
4AsQEW-6Lk0.jpg,1
1pOoDKmTFFw.jpg,1
exx4eF-yJ1Y.jpg,1
7pzWbaRKC0A.jpg,1
5obWxVCnE1Q.jpg,1
1qIsv86S79E.jpg,1
cFbNlpRZKi0.jpg,1
0Cgq8VSQ2y4.jpg,1
23mWSDzAIBc.jpg,1
3AbwSH1y9dc.jpg,1
1m_0l2lmarA.jpg,1
0uN9iF4mgDI.jpg,1
4nQaKCM55pw.jpg,1
bcWOUe0914I.jpg,1
491PQ04olSg.jpg,1
2NyNF1mrYGY.jpg,1
8JzoJyt3hyM.jpg,1
_1xDavj2H78.jpg,1
15IuQ5a0Qwg.jpg,1
_2d__opfZFM.jpg,1
aSzX2uvAxlQ.jpg,1
3XUijzqLOV8.jpg,1
1ZjqipMFzeM.jpg,1
57nfF1Bha3U.jpg,1
8AjcMh1IzMc.jpg,1
MdZFPwlWMYs.jpg,1
ayx-0-GGmqc.jpg,1
1UCj8BZEqRw.jpg,1
f_bZb6scMDk.jpg,1
0aKcuV5znqw.jpg,1
0k5PSPSWFr0.jpg,1
doPBjGyNPWY.jpg,1
e85qV3NjrUw.jpg,1
f9B6uiwrBWo.jpg,1
_llTRGfOJpw.jpg,1
1jEcoFpvfEI.jpg,1
6Wad1bIYQ94.jpg,1
0LPYfXfeUJ0.jpg,1
zroxr0l3Tso.jpg,1
0PUQAOpLSIQ.jpg,1
49ktllPyN9U.jpg,1
0NFaTBh5wHM.jpg,1
0Lny4YLxIFA.jpg,1
dNEBkBW9KWU.jpg,1
8riLSUl4KsI.jpg,1
aIG_jyVDd4Y.jpg,1
aSRT6yjo0nQ.jpg,1
6HmilN41EDc.jpg,1
_UdxLI5rPPo.jpg,1
4VTtTkZ5Ms8.jpg,1
8diMGsnntJE.jpg,1
0xM8u5CVrQw.jpg,1
1JjQ2sdr5UA.jpg,1
Y99wn2CFqrA.jpg,1
4iwLxkESGe4.jpg,1
5zFo-ngL3us.jpg,1
4UR1RNIetCI.jpg,1
f8S8W5CBzcI.jpg,1
1Cg7BQXp024.jpg,1
58zgsq3c63g.jpg,1
3bn5lab02Ow.jpg,1
4JDPLjR1Ew4.jpg,1
22_r4pgeL28.jpg,1
0ABCZ9bTsw4.jpg,1
_SMGQ74kB3c.jpg,1
2CfZuXbzdO0.jpg,1
43xyqHpv-wo.jpg,1
52M4SY5LsUA.jpg,1
_RQ-4GOd9rg.jpg,1
08sQCLRE82E.jpg,1
5CsJnGSR4s4.jpg,1
daevrPHoYRg.jpg,1
5xXKOWWUu7I.jpg,1
agCJsG02Ips.jpg,1
63RUBV0-zp0.jpg,1
wpw8sHoBtSY.jpg,1
43j5hPdSEnQ.jpg,1
39vpfhj59ZQ.jpg,1
_1DFlakaznE.jpg,1
9tRIZu3hHDQ.jpg,1
03zz73y2Q98.jpg,1
3VhSG1g8Reg.jpg,1
eOffmzHe2fA.jpg,1
5iPhUVPYWsw.jpg,1
44viBeBkT-c.jpg,1
0k9lwImX-NI.jpg,1
0sRGmQwaxZ0.jpg,1
_ukWHu8fUcY.jpg,1
1Hnp70OlgkQ.jpg,1
1qT-zMTRFp0.jpg,1
9itkgJ54qRY.jpg,1
1nQnLdJk-Xs.jpg,1
0Q1hQfPmQ5k.jpg,1
9jw_NZJ8miA.jpg,1
Olv8IytYdFM.jpg,1
ejYfFK_zlOg.jpg,1
cH5jDvYXwBo.jpg,1
hcaZvkpPBac.jpg,1
04paG2PxKGs.jpg,1
0BZfRVas6-4.jpg,1
_rsGm7nob3w.jpg,1
cqbLg3lZEpk.jpg,1
3oh4edOzfBM.jpg,1
_0JilSuYCvc.jpg,1
1bNKt1xarao.jpg,1
5rcnGIYU-00.jpg,1
bQUKDF5H7fo.jpg,1
9EwxGJdTJNo.jpg,1
6BC76DCBb30.jpg,1
0FnD0pmGpR8.jpg,1
dxZfq6Xuz5c.jpg,1
1Gy6L3iJyUI.jpg,1
eZ74-FxcIYo.jpg,1
bvpWQI8Xb0k.jpg,1
8Dyeu13DmwI.jpg,1
0Hz_ReW_4cU.jpg,1
0o3Cfq6WJ6Y.jpg,1
9-afZwuWJbY.jpg,1
3Q4Gqbr6Fx8.jpg,1
0ASyt0Opn1k.jpg,1
1T7xXmsaET8.jpg,1
bv4y_ain7bE.jpg,1
2UngTfC3r3Y.jpg,1
0K9H0yts_tE.jpg,1
g2oPwrxZgTg.jpg,1
bhIQEe_26mk.jpg,1
3587OQF1O0w.jpg,1
50bzI1F6urA.jpg,1
1AjFW8aJGOw.jpg,1
6g9h37yl-MU.jpg,1
1d57qBCaBF0.jpg,1
0JecC3P4tl8.jpg,1
gLBCxsQEA60.jpg,1
2oFdVd00xOg.jpg,1
2VvgEtf0AYE.jpg,1
eqJaXgR1Pmc.jpg,1
1tVvsmU5rSY.jpg,1
ekzhv1vjkLA.jpg,1
aSq8_SRRTTg.jpg,1
SfC7fScwU-A.jpg,1
VNO2rqdLkKk.jpg,1
ftHq1egSpHo.jpg,1
3TFvE51aVqA.jpg,1
8t-HbkmI_ys.jpg,1
a7IVuJwYjp8.jpg,1
cKTGIXC9dHc.jpg,1
g0RPlxVxiNQ.jpg,1
1VO4qqSvxfA.jpg,1
58Mkqady7lE.jpg,1
c6VX5t3Ftg8.jpg,1
a9REIVP16lk.jpg,1
gC-sk9Je0oA.jpg,1
0Tgk-wiuCU4.jpg,1
3Eax7IYlEyc.jpg,1
2k9T4uHLq74.jpg,1
567UmWZIYJ8.jpg,1
5A8bGnMzYLI.jpg,1
f5zUL7P0GVM.jpg,1
ar2F6xmKgFI.jpg,1
6aLDv_mhVuk.jpg,1
1rC6XZ16l-A.jpg,1
aIYFR0vbADk.jpg,1
a0U58gHCVRw.jpg,1
39DcBUbYZP4.jpg,1
6CmVVayeUBQ.jpg,1
5UFn4Ly4jwQ.jpg,1
6o9htO0esHM.jpg,1
Ob-5QPT6yv4.jpg,1
br5mEm6Iplw.jpg,1
49Q0vhYLMD0.jpg,1
3eDUvZeCqBA.jpg,1
9CfHPa6YM4Y.jpg,1
4-XMUn95FZU.jpg,1
2gCNcAvkGEY.jpg,1
5KmkrOjOBrE.jpg,1
2Nd8o0IuEGA.jpg,1
1hAAiu3JmQY.jpg,1
gjloyc8NDX4.jpg,1
8F8VmHFQ184.jpg,1
0nQyVZdt0nw.jpg,1
1qy56dbREEQ.jpg,1
0FVQQhggj2o.jpg,1
4UexhWLVcnY.jpg,1
0afeQmNB2g8.jpg,1
bp8Nw_Q11gI.jpg,1
YKXWIkI2stw.jpg,1
fBMnVjTfMJs.jpg,1
aJMX4GyHjJ8.jpg,1
4xb7hurRzIU.jpg,1
5Kp5LVjINgI.jpg,1
0LsBP2oxR58.jpg,1
9d62aiMqNhA.jpg,1
0b4sfNTqBLU.jpg,1
5ulmc8IHdLc.jpg,1
4Tr2DpRDxWE.jpg,1
3WJiY5vBLT0.jpg,1
8Id1vYJ0EGA.jpg,1
Qz3eI1B2QPs.jpg,1
fyLI0IKBFNk.jpg,1
gD9D5yWcz7E.jpg,1
dvvh80k7euU.jpg,1
08J1sdxQgLs.jpg,1
1NKYcxSIw8g.jpg,1
1ykxJPkXu3k.jpg,1
28ztKXfneYk.jpg,1
_Yv4x4E9Iec.jpg,1
